CV (%),Value,agg_level_desc,asd_code,asd_desc,begin_code,class_desc,commodity_desc,congr_district_code,country_code,country_name,county_ansi,county_code,county_name,domain_desc,domaincat_desc,end_code,freq_desc,group_desc,load_time,location_desc,prodn_practice_desc,reference_period_desc,region_desc,sector_desc,short_desc,source_desc,state_alpha,state_ansi,state_fips_code,state_name,statisticcat_desc,unit_desc,util_practice_desc,watershed_code,watershed_desc,week_ending,year,zip_5
"","5,161,800,000",STATE,"","",00,ALL CLASSES,EGGS,"",9000,UNITED STATES,"","","",TOTAL,NOT SPECIFIED,00,ANNUAL,POULTRY,2019-06-25 15:00:09.000,OTHER STATES,ALL PRODUCTION PRACTICES,MARKETING YEAR,"",ANIMALS & PRODUCTS,"EGGS - PRODUCTION, MEASURED IN EGGS",SURVEY,OT,"",98,OTHER STATES,PRODUCTION,EGGS,ALL UTILIZATION PRACTICES,00000000,"","",2016,""
"","2,110,700,000",STATE,"","",00,ALL CLASSES,EGGS,"",9000,UNITED STATES,"","","",TOTAL,NOT SPECIFIED,00,ANNUAL,POULTRY,2019-06-25 15:00:09.000,ALABAMA,ALL PRODUCTION PRACTICES,MARKETING YEAR,"",ANIMALS & PRODUCTS,"EGGS - PRODUCTION, MEASURED IN EGGS",SURVEY,AL,01,01,ALABAMA,PRODUCTION,EGGS,ALL UTILIZATION PRACTICES,00000000,"","",2016,""
"","3,411,400,000",STATE,"","",00,ALL CLASSES,EGGS,"",9000,UNITED STATES,"","","",TOTAL,NOT SPECIFIED,00,ANNUAL,POULTRY,2019-06-25 15:00:09.000,ARKANSAS,ALL PRODUCTION PRACTICES,MARKETING YEAR,"",ANIMALS & PRODUCTS,"EGGS - PRODUCTION, MEASURED IN EGGS",SURVEY,AR,05,05,ARKANSAS,PRODUCTION,EGGS,ALL UTILIZATION PRACTICES,00000000,"","",2016,""
"","3,473,500,000",STATE,"","",00,ALL CLASSES,EGGS,"",9000,UNITED STATES,"","","",TOTAL,NOT SPECIFIED,00,ANNUAL,POULTRY,2019-06-25 15:00:09.000,CALIFORNIA,ALL PRODUCTION PRACTICES,MARKETING YEAR,"",ANIMALS & PRODUCTS,"EGGS - PRODUCTION, MEASURED IN EGGS",SURVEY,CA,06,06,CALIFORNIA,PRODUCTION,EGGS,ALL UTILIZATION PRACTICES,00000000,"","",2016,""
"","1,364,000,000",STATE,"","",00,ALL CLASSES,EGGS,"",9000,UNITED STATES,"","","",TOTAL,NOT SPECIFIED,00,ANNUAL,POULTRY,2019-06-25 15:00:09.000,COLORADO,ALL PRODUCTION PRACTICES,MARKETING YEAR,"",ANIMALS & PRODUCTS,"EGGS - PRODUCTION, MEASURED IN EGGS",SURVEY,CO,08,08,COLORADO,PRODUCTION,EGGS,ALL UTILIZATION PRACTICES,00000000,"","",2016,""
"","2,364,100,000",STATE,"","",00,ALL CLASSES,EGGS,"",9000,UNITED STATES,"","","",TOTAL,NOT SPECIFIED,00,ANNUAL,POULTRY,2019-06-25 15:00:09.000,FLORIDA,ALL PRODUCTION PRACTICES,MARKETING YEAR,"",ANIMALS & PRODUCTS,"EGGS - PRODUCTION, MEASURED IN EGGS",SURVEY,FL,12,12,FLORIDA,PRODUCTION,EGGS,ALL UTILIZATION PRACTICES,00000000,"","",2016,""
"","5,235,300,000",STATE,"","",00,ALL CLASSES,EGGS,"",9000,UNITED STATES,"","","",TOTAL,NOT SPECIFIED,00,ANNUAL,POULTRY,2019-06-25 15:00:09.000,GEORGIA,ALL PRODUCTION PRACTICES,MARKETING YEAR,"",ANIMALS & PRODUCTS,"EGGS - PRODUCTION, MEASURED IN EGGS",SURVEY,GA,13,13,GEORGIA,PRODUCTION,EGGS,ALL UTILIZATION PRACTICES,00000000,"","",2016,""
"","1,534,700,000",STATE,"","",00,ALL CLASSES,EGGS,"",9000,UNITED STATES,"","","",TOTAL,NOT SPECIFIED,00,ANNUAL,POULTRY,2019-06-25 15:00:09.000,ILLINOIS,ALL PRODUCTION PRACTICES,MARKETING YEAR,"",ANIMALS & PRODUCTS,"EGGS - PRODUCTION, MEASURED IN EGGS",SURVEY,IL,17,17,ILLINOIS,PRODUCTION,EGGS,ALL UTILIZATION PRACTICES,00000000,"","",2016,""
"","8,986,600,000",STATE,"","",00,ALL CLASSES,EGGS,"",9000,UNITED STATES,"","","",TOTAL,NOT SPECIFIED,00,ANNUAL,POULTRY,2019-06-25 15:00:09.000,INDIANA,ALL PRODUCTION PRACTICES,MARKETING YEAR,"",ANIMALS & PRODUCTS,"EGGS - PRODUCTION, MEASURED IN EGGS",SURVEY,IN,18,18,INDIANA,PRODUCTION,EGGS,ALL UTILIZATION PRACTICES,00000000,"","",2016,""
"","13,687,200,000",STATE,"","",00,ALL CLASSES,EGGS,"",9000,UNITED STATES,"","","",TOTAL,NOT SPECIFIED,00,ANNUAL,POULTRY,2019-06-25 15:00:09.000,IOWA,ALL PRODUCTION PRACTICES,MARKETING YEAR,"",ANIMALS & PRODUCTS,"EGGS - PRODUCTION, MEASURED IN EGGS",SURVEY,IA,19,19,IOWA,PRODUCTION,EGGS,ALL UTILIZATION PRACTICES,00000000,"","",2016,""
"","1,325,300,000",STATE,"","",00,ALL CLASSES,EGGS,"",9000,UNITED STATES,"","","",TOTAL,NOT SPECIFIED,00,ANNUAL,POULTRY,2019-06-25 15:00:09.000,KENTUCKY,ALL PRODUCTION PRACTICES,MARKETING YEAR,"",ANIMALS & PRODUCTS,"EGGS - PRODUCTION, MEASURED IN EGGS",SURVEY,KY,21,21,KENTUCKY,PRODUCTION,EGGS,ALL UTILIZATION PRACTICES,00000000,"","",2016,""
"","541,000,000",STATE,"","",00,ALL CLASSES,EGGS,"",9000,UNITED STATES,"","","",TOTAL,NOT SPECIFIED,00,ANNUAL,POULTRY,2019-06-25 15:00:09.000,LOUISIANA,ALL PRODUCTION PRACTICES,MARKETING YEAR,"",ANIMALS & PRODUCTS,"EGGS - PRODUCTION, MEASURED IN EGGS",SURVEY,LA,22,22,LOUISIANA,PRODUCTION,EGGS,ALL UTILIZATION PRACTICES,00000000,"","",2016,""
"","803,000,000",STATE,"","",00,ALL CLASSES,EGGS,"",9000,UNITED STATES,"","","",TOTAL,NOT SPECIFIED,00,ANNUAL,POULTRY,2019-06-25 15:00:09.000,MARYLAND,ALL PRODUCTION PRACTICES,MARKETING YEAR,"",ANIMALS & PRODUCTS,"EGGS - PRODUCTION, MEASURED IN EGGS",SURVEY,MD,24,24,MARYLAND,PRODUCTION,EGGS,ALL UTILIZATION PRACTICES,00000000,"","",2016,""
"","40,600,000",STATE,"","",00,ALL CLASSES,EGGS,"",9000,UNITED STATES,"","","",TOTAL,NOT SPECIFIED,00,ANNUAL,POULTRY,2019-06-25 15:00:09.000,MASSACHUSETTS,ALL PRODUCTION PRACTICES,MARKETING YEAR,"",ANIMALS & PRODUCTS,"EGGS - PRODUCTION, MEASURED IN EGGS",SURVEY,MA,25,25,MASSACHUSETTS,PRODUCTION,EGGS,ALL UTILIZATION PRACTICES,00000000,"","",2016,""
"","3,963,900,000",STATE,"","",00,ALL CLASSES,EGGS,"",9000,UNITED STATES,"","","",TOTAL,NOT SPECIFIED,00,ANNUAL,POULTRY,2019-06-25 15:00:09.000,MICHIGAN,ALL PRODUCTION PRACTICES,MARKETING YEAR,"",ANIMALS & PRODUCTS,"EGGS - PRODUCTION, MEASURED IN EGGS",SURVEY,MI,26,26,MICHIGAN,PRODUCTION,EGGS,ALL UTILIZATION PRACTICES,00000000,"","",2016,""
"","2,813,900,000",STATE,"","",00,ALL CLASSES,EGGS,"",9000,UNITED STATES,"","","",TOTAL,NOT SPECIFIED,00,ANNUAL,POULTRY,2019-06-25 15:00:09.000,MINNESOTA,ALL PRODUCTION PRACTICES,MARKETING YEAR,"",ANIMALS & PRODUCTS,"EGGS - PRODUCTION, MEASURED IN EGGS",SURVEY,MN,27,27,MINNESOTA,PRODUCTION,EGGS,ALL UTILIZATION PRACTICES,00000000,"","",2016,""
"","1,391,900,000",STATE,"","",00,ALL CLASSES,EGGS,"",9000,UNITED STATES,"","","",TOTAL,NOT SPECIFIED,00,ANNUAL,POULTRY,2019-06-25 15:00:09.000,MISSISSIPPI,ALL PRODUCTION PRACTICES,MARKETING YEAR,"",ANIMALS & PRODUCTS,"EGGS - PRODUCTION, MEASURED IN EGGS",SURVEY,MS,28,28,MISSISSIPPI,PRODUCTION,EGGS,ALL UTILIZATION PRACTICES,00000000,"","",2016,""
"","3,222,600,000",STATE,"","",00,ALL CLASSES,EGGS,"",9000,UNITED STATES,"","","",TOTAL,NOT SPECIFIED,00,ANNUAL,POULTRY,2019-06-25 15:00:09.000,MISSOURI,ALL PRODUCTION PRACTICES,MARKETING YEAR,"",ANIMALS & PRODUCTS,"EGGS - PRODUCTION, MEASURED IN EGGS",SURVEY,MO,29,29,MISSOURI,PRODUCTION,EGGS,ALL UTILIZATION PRACTICES,00000000,"","",2016,""
"","135,900,000",STATE,"","",00,ALL CLASSES,EGGS,"",9000,UNITED STATES,"","","",TOTAL,NOT SPECIFIED,00,ANNUAL,POULTRY,2019-06-25 15:00:09.000,MONTANA,ALL PRODUCTION PRACTICES,MARKETING YEAR,"",ANIMALS & PRODUCTS,"EGGS - PRODUCTION, MEASURED IN EGGS",SURVEY,MT,30,30,MONTANA,PRODUCTION,EGGS,ALL UTILIZATION PRACTICES,00000000,"","",2016,""
"","2,570,200,000",STATE,"","",00,ALL CLASSES,EGGS,"",9000,UNITED STATES,"","","",TOTAL,NOT SPECIFIED,00,ANNUAL,POULTRY,2019-06-25 15:00:09.000,NEBRASKA,ALL PRODUCTION PRACTICES,MARKETING YEAR,"",ANIMALS & PRODUCTS,"EGGS - PRODUCTION, MEASURED IN EGGS",SURVEY,NE,31,31,NEBRASKA,PRODUCTION,EGGS,ALL UTILIZATION PRACTICES,00000000,"","",2016,""
"","1,673,800,000",STATE,"","",00,ALL CLASSES,EGGS,"",9000,UNITED STATES,"","","",TOTAL,NOT SPECIFIED,00,ANNUAL,POULTRY,2019-06-25 15:00:09.000,NEW YORK,ALL PRODUCTION PRACTICES,MARKETING YEAR,"",ANIMALS & PRODUCTS,"EGGS - PRODUCTION, MEASURED IN EGGS",SURVEY,NY,36,36,NEW YORK,PRODUCTION,EGGS,ALL UTILIZATION PRACTICES,00000000,"","",2016,""
"","3,731,400,000",STATE,"","",00,ALL CLASSES,EGGS,"",9000,UNITED STATES,"","","",TOTAL,NOT SPECIFIED,00,ANNUAL,POULTRY,2019-06-25 15:00:09.000,NORTH CAROLINA,ALL PRODUCTION PRACTICES,MARKETING YEAR,"",ANIMALS & PRODUCTS,"EGGS - PRODUCTION, MEASURED IN EGGS",SURVEY,NC,37,37,NORTH CAROLINA,PRODUCTION,EGGS,ALL UTILIZATION PRACTICES,00000000,"","",2016,""
"","10,264,100,000",STATE,"","",00,ALL CLASSES,EGGS,"",9000,UNITED STATES,"","","",TOTAL,NOT SPECIFIED,00,ANNUAL,POULTRY,2019-06-25 15:00:09.000,OHIO,ALL PRODUCTION PRACTICES,MARKETING YEAR,"",ANIMALS & PRODUCTS,"EGGS - PRODUCTION, MEASURED IN EGGS",SURVEY,OH,39,39,OHIO,PRODUCTION,EGGS,ALL UTILIZATION PRACTICES,00000000,"","",2016,""
"","691,800,000",STATE,"","",00,ALL CLASSES,EGGS,"",9000,UNITED STATES,"","","",TOTAL,NOT SPECIFIED,00,ANNUAL,POULTRY,2019-06-25 15:00:09.000,OKLAHOMA,ALL PRODUCTION PRACTICES,MARKETING YEAR,"",ANIMALS & PRODUCTS,"EGGS - PRODUCTION, MEASURED IN EGGS",SURVEY,OK,40,40,OKLAHOMA,PRODUCTION,EGGS,ALL UTILIZATION PRACTICES,00000000,"","",2016,""
"","732,000,000",STATE,"","",00,ALL CLASSES,EGGS,"",9000,UNITED STATES,"","","",TOTAL,NOT SPECIFIED,00,ANNUAL,POULTRY,2019-06-25 15:00:09.000,OREGON,ALL PRODUCTION PRACTICES,MARKETING YEAR,"",ANIMALS & PRODUCTS,"EGGS - PRODUCTION, MEASURED IN EGGS",SURVEY,OR,41,41,OREGON,PRODUCTION,EGGS,ALL UTILIZATION PRACTICES,00000000,"","",2016,""
"","8,254,400,000",STATE,"","",00,ALL CLASSES,EGGS,"",9000,UNITED STATES,"","","",TOTAL,NOT SPECIFIED,00,ANNUAL,POULTRY,2019-06-25 15:00:09.000,PENNSYLVANIA,ALL PRODUCTION PRACTICES,MARKETING YEAR,"",ANIMALS & PRODUCTS,"EGGS - PRODUCTION, MEASURED IN EGGS",SURVEY,PA,42,42,PENNSYLVANIA,PRODUCTION,EGGS,ALL UTILIZATION PRACTICES,00000000,"","",2016,""
"","1,141,700,000",STATE,"","",00,ALL CLASSES,EGGS,"",9000,UNITED STATES,"","","",TOTAL,NOT SPECIFIED,00,ANNUAL,POULTRY,2019-06-25 15:00:09.000,SOUTH CAROLINA,ALL PRODUCTION PRACTICES,MARKETING YEAR,"",ANIMALS & PRODUCTS,"EGGS - PRODUCTION, MEASURED IN EGGS",SURVEY,SC,45,45,SOUTH CAROLINA,PRODUCTION,EGGS,ALL UTILIZATION PRACTICES,00000000,"","",2016,""
"","594,200,000",STATE,"","",00,ALL CLASSES,EGGS,"",9000,UNITED STATES,"","","",TOTAL,NOT SPECIFIED,00,ANNUAL,POULTRY,2019-06-25 15:00:09.000,SOUTH DAKOTA,ALL PRODUCTION PRACTICES,MARKETING YEAR,"",ANIMALS & PRODUCTS,"EGGS - PRODUCTION, MEASURED IN EGGS",SURVEY,SD,46,46,SOUTH DAKOTA,PRODUCTION,EGGS,ALL UTILIZATION PRACTICES,00000000,"","",2016,""
"","394,500,000",STATE,"","",00,ALL CLASSES,EGGS,"",9000,UNITED STATES,"","","",TOTAL,NOT SPECIFIED,00,ANNUAL,POULTRY,2019-06-25 15:00:09.000,TENNESSEE,ALL PRODUCTION PRACTICES,MARKETING YEAR,"",ANIMALS & PRODUCTS,"EGGS - PRODUCTION, MEASURED IN EGGS",SURVEY,TN,47,47,TENNESSEE,PRODUCTION,EGGS,ALL UTILIZATION PRACTICES,00000000,"","",2016,""
"","5,571,800,000",STATE,"","",00,ALL CLASSES,EGGS,"",9000,UNITED STATES,"","","",TOTAL,NOT SPECIFIED,00,ANNUAL,POULTRY,2019-06-25 15:00:09.000,TEXAS,ALL PRODUCTION PRACTICES,MARKETING YEAR,"",ANIMALS & PRODUCTS,"EGGS - PRODUCTION, MEASURED IN EGGS",SURVEY,TX,48,48,TEXAS,PRODUCTION,EGGS,ALL UTILIZATION PRACTICES,00000000,"","",2016,""
"","1,271,400,000",STATE,"","",00,ALL CLASSES,EGGS,"",9000,UNITED STATES,"","","",TOTAL,NOT SPECIFIED,00,ANNUAL,POULTRY,2019-06-25 15:00:09.000,UTAH,ALL PRODUCTION PRACTICES,MARKETING YEAR,"",ANIMALS & PRODUCTS,"EGGS - PRODUCTION, MEASURED IN EGGS",SURVEY,UT,49,49,UTAH,PRODUCTION,EGGS,ALL UTILIZATION PRACTICES,00000000,"","",2016,""
"","38,400,000",STATE,"","",00,ALL CLASSES,EGGS,"",9000,UNITED STATES,"","","",TOTAL,NOT SPECIFIED,00,ANNUAL,POULTRY,2019-06-25 15:00:09.000,VERMONT,ALL PRODUCTION PRACTICES,MARKETING YEAR,"",ANIMALS & PRODUCTS,"EGGS - PRODUCTION, MEASURED IN EGGS",SURVEY,VT,50,50,VERMONT,PRODUCTION,EGGS,ALL UTILIZATION PRACTICES,00000000,"","",2016,""
"","782,300,000",STATE,"","",00,ALL CLASSES,EGGS,"",9000,UNITED STATES,"","","",TOTAL,NOT SPECIFIED,00,ANNUAL,POULTRY,2019-06-25 15:00:09.000,VIRGINIA,ALL PRODUCTION PRACTICES,MARKETING YEAR,"",ANIMALS & PRODUCTS,"EGGS - PRODUCTION, MEASURED IN EGGS",SURVEY,VA,51,51,VIRGINIA,PRODUCTION,EGGS,ALL UTILIZATION PRACTICES,00000000,"","",2016,""
"","2,006,500,000",STATE,"","",00,ALL CLASSES,EGGS,"",9000,UNITED STATES,"","","",TOTAL,NOT SPECIFIED,00,ANNUAL,POULTRY,2019-06-25 15:00:09.000,WASHINGTON,ALL PRODUCTION PRACTICES,MARKETING YEAR,"",ANIMALS & PRODUCTS,"EGGS - PRODUCTION, MEASURED IN EGGS",SURVEY,WA,53,53,WASHINGTON,PRODUCTION,EGGS,ALL UTILIZATION PRACTICES,00000000,"","",2016,""
"","287,100,000",STATE,"","",00,ALL CLASSES,EGGS,"",9000,UNITED STATES,"","","",TOTAL,NOT SPECIFIED,00,ANNUAL,POULTRY,2019-06-25 15:00:09.000,WEST VIRGINIA,ALL PRODUCTION PRACTICES,MARKETING YEAR,"",ANIMALS & PRODUCTS,"EGGS - PRODUCTION, MEASURED IN EGGS",SURVEY,WV,54,54,WEST VIRGINIA,PRODUCTION,EGGS,ALL UTILIZATION PRACTICES,00000000,"","",2016,""
"","1,628,700,000",STATE,"","",00,ALL CLASSES,EGGS,"",9000,UNITED STATES,"","","",TOTAL,NOT SPECIFIED,00,ANNUAL,POULTRY,2019-06-25 15:00:09.000,WISCONSIN,ALL PRODUCTION PRACTICES,MARKETING YEAR,"",ANIMALS & PRODUCTS,"EGGS - PRODUCTION, MEASURED IN EGGS",SURVEY,WI,55,55,WISCONSIN,PRODUCTION,EGGS,ALL UTILIZATION PRACTICES,00000000,"","",2016,""
